{"cameraMode":{"drawMode":0,"name":"Shaded","section":"Shading Mode"},"sceneLighting":true,"audioPlay":false,"sceneViewState":{"showFog":true,"showMaterialUpdate":false,"showSkybox":true,"showFlares":true,"showImageEffects":true,"showParticleSystems":true},"in2DMode":false,"pivot":{"x":2.8936870098114015,"y":-11.852088928222657,"z":32.238304138183597},"rotation":{"x":0.13340553641319276,"y":0.008914604783058167,"z":-0.001199872582219541,"w":0.991020679473877},"size":52.68213653564453,"orthographic":false}